aspect,method,precision,recall,f1,llm_share
location,student,0.9152542372881356,0.8120300751879699,0.8605577689243028,0.48188405797101447
location,dictionary,0.9646017699115044,0.8195488721804511,0.8861788617886179,0.48188405797101447
room,student,0.8736263736263736,0.888268156424581,0.8808864265927978,0.6485507246376812
room,dictionary,0.9117647058823529,0.8659217877094972,0.8882521489971347,0.6485507246376812
cleanliness,student,0.94,0.6266666666666667,0.752,0.2717391304347826
cleanliness,dictionary,0.9516129032258065,0.7866666666666666,0.8613138686131386,0.2717391304347826
staff,student,0.8674033149171271,0.8971428571428571,0.8820224719101123,0.6340579710144928
staff,dictionary,0.9612903225806452,0.8514285714285714,0.903030303030303,0.6340579710144928
food,student,0.7476635514018691,0.7766990291262136,0.7619047619047619,0.37318840579710144
food,dictionary,0.8532110091743119,0.9029126213592233,0.8773584905660378,0.37318840579710144
value,student,0.7560975609756098,0.5081967213114754,0.6078431372549019,0.2210144927536232
value,dictionary,1.0,0.5081967213114754,0.673913043478261,0.2210144927536232
noise,student,0.84375,0.7297297297297297,0.7826086956521738,0.13405797101449277
noise,dictionary,0.96875,0.8378378378378378,0.8985507246376812,0.13405797101449277
facilities,student,0.6067415730337079,0.627906976744186,0.6171428571428572,0.3115942028985507
facilities,dictionary,0.918918918918919,0.3953488372093023,0.5528455284552846,0.3115942028985507
